//ModbusScope version,5.0.1
//Start time,09-10-2026 18:43:54
//End time,09-10-2026 18:48:53
//Poll interval,1000
//Communication success,300
//Communication errors,0
//
//Quality,1
//Property,Temperature setpoint (degC),Room temperature (degC),Heating valve position (%),Fan speed (%)
//Color,#0000ff,#ff2828,#00aa4a,#ffa500
//Expression,"${h0}/10","${h1}/10","${h2}","${h3}"
//Axis,0,0,1,1
//
Time (ms),Temperature setpoint (degC),Temperature setpoint (degC) (quality),Room temperature (degC),Room temperature (degC) (quality),Heating valve position (%),Heating valve position (%) (quality),Fan speed (%),Fan speed (%) (quality)
25,20.0,0,18.0,0,8,0,25,0
1024,20.0,0,18.0,0,16,0,30,0
2023,20.0,0,17.9,0,24,0,34,0
3027,20.0,0,18.0,0,32,0,39,0
4027,20.0,0,18.0,0,40,0,44,0
5027,20.0,0,18.0,0,48,0,49,0
6023,20.0,0,18.1,0,56,0,54,0
7023,20.0,0,18.1,0,64,0,58,0
8027,20.0,0,18.2,0,63,0,58,0
9027,20.0,0,18.2,0,62,0,57,0
10024,20.0,0,18.3,0,61,0,57,0
11027,20.0,0,18.4,0,60,0,56,0
12027,20.0,0,18.4,0,59,0,55,0
13023,20.0,0,18.5,0,58,0,55,0
14023,20.0,0,18.5,0,57,0,54,0
15024,20.0,0,18.6,0,57,0,54,0
16024,20.0,0,18.6,0,56,0,53,0
17027,20.0,0,18.7,0,55,0,53,0
18024,20.0,0,18.7,0,54,0,53,0
19027,20.0,0,18.8,0,53,0,52,0
20025,20.0,0,18.8,0,53,0,52,0
21023,20.0,0,18.9,0,52,0,51,0
22027,20.0,0,18.9,0,51,0,51,0
23027,20.0,0,18.9,0,51,0,50,0
24025,20.0,0,19.0,0,50,0,50,0
25026,20.0,0,19.0,0,49,0,50,0
26024,20.0,0,19.1,0,49,0,49,0
27024,20.0,0,19.1,0,48,0,49,0
28025,20.0,0,19.1,0,48,0,49,0
29025,20.0,0,19.2,0,47,0,48,0
30025,20.0,0,19.2,0,47,0,48,0
31023,20.0,0,19.2,0,46,0,48,0
32026,20.0,0,19.2,0,45,0,47,0
33025,20.0,0,19.2,0,45,0,47,0
34026,20.0,0,19.3,0,45,0,47,0
35023,20.0,0,19.4,0,44,0,46,0
36027,20.0,0,19.4,0,44,0,46,0
37025,20.0,0,19.4,0,43,0,46,0
38025,20.0,0,19.4,0,43,0,46,0
39027,20.0,0,19.5,0,42,0,45,0
40023,20.0,0,19.5,0,42,0,45,0
41025,20.0,0,19.5,0,41,0,45,0
42023,20.0,0,19.5,0,41,0,45,0
43025,20.0,0,19.5,0,41,0,44,0
44026,20.0,0,19.5,0,40,0,44,0
45026,20.0,0,19.6,0,40,0,44,0
46025,20.0,0,19.5,0,40,0,44,0
47026,20.0,0,19.6,0,39,0,43,0
48027,20.0,0,19.6,0,39,0,43,0
49023,20.0,0,19.6,0,38,0,43,0
50025,20.0,0,19.6,0,38,0,43,0
51024,20.0,0,19.7,0,38,0,43,0
52026,20.0,0,19.6,0,38,0,43,0
53026,20.0,0,19.7,0,37,0,42,0
54025,20.0,0,19.8,0,37,0,42,0
55026,20.0,0,19.8,0,37,0,42,0
56025,20.0,0,19.8,0,36,0,42,0
57025,20.0,0,19.8,0,36,0,42,0
58026,20.0,0,19.8,0,36,0,42,0
59024,20.0,0,19.7,0,36,0,41,0
60024,20.0,0,19.8,0,35,0,41,0
61024,20.0,0,19.8,0,35,0,41,0
62027,20.0,0,19.8,0,35,0,41,0
63025,20.0,0,19.8,0,35,0,41,0
64026,20.0,0,19.8,0,34,0,41,0
65027,20.0,0,19.8,0,34,0,41,0
66024,20.0,0,19.9,0,34,0,40,0
67027,20.0,0,19.9,0,34,0,40,0
68023,20.0,0,19.9,0,34,0,40,0
69027,20.0,0,19.9,0,33,0,40,0
70026,20.0,0,19.9,0,33,0,40,0
71026,20.0,0,19.9,0,33,0,40,0
72023,20.0,0,19.9,0,33,0,40,0
73024,20.0,0,19.9,0,33,0,40,0
74023,20.0,0,19.9,0,32,0,39,0
75023,20.0,0,19.9,0,32,0,39,0
76027,20.0,0,19.9,0,32,0,39,0
77023,20.0,0,20.0,0,32,0,39,0
78027,20.0,0,19.9,0,32,0,39,0
79024,20.0,0,20.0,0,32,0,39,0
80024,20.0,0,20.0,0,32,0,39,0
81025,20.0,0,20.0,0,31,0,39,0
82026,20.0,0,19.9,0,31,0,39,0
83026,20.0,0,20.0,0,31,0,39,0
84026,20.0,0,20.0,0,31,0,39,0
85025,20.0,0,19.9,0,31,0,39,0
86023,20.0,0,20.0,0,31,0,38,0
87025,20.0,0,20.0,0,31,0,38,0
88024,20.0,0,20.0,0,30,0,38,0
89024,20.0,0,20.0,0,30,0,38,0
90027,20.0,0,20.0,0,30,0,38,0
91027,20.0,0,20.0,0,30,0,38,0
92027,20.0,0,20.0,0,30,0,38,0
93023,20.0,0,20.0,0,30,0,38,0
94025,20.0,0,20.0,0,30,0,38,0
95024,20.0,0,20.0,0,30,0,38,0
96024,20.0,0,20.0,0,30,0,38,0
97027,20.0,0,20.0,0,30,0,38,0
98024,20.0,0,20.0,0,29,0,38,0
99024,20.0,0,20.1,0,29,0,38,0
100026,20.0,0,20.1,0,29,0,38,0
101024,20.0,0,20.0,0,29,0,38,0
102026,20.0,0,20.0,0,29,0,37,0
103023,20.0,0,20.1,0,29,0,37,0
104025,20.0,0,20.0,0,29,0,37,0
105024,20.0,0,20.1,0,29,0,37,0
106025,20.0,0,20.0,0,29,0,37,0
107025,20.0,0,20.1,0,29,0,37,0
108025,20.0,0,20.0,0,29,0,37,0
109023,20.0,0,20.0,0,29,0,37,0
110024,20.0,0,20.0,0,29,0,37,0
111026,20.0,0,20.1,0,29,0,37,0
112027,20.0,0,20.1,0,29,0,37,0
113026,20.0,0,20.1,0,28,0,37,0
114025,20.0,0,20.1,0,28,0,37,0
115023,20.0,0,20.1,0,28,0,37,0
116023,20.0,0,20.1,0,28,0,37,0
117024,20.0,0,20.0,0,28,0,37,0
118024,20.0,0,20.0,0,28,0,37,0
119025,20.0,0,20.0,0,28,0,37,0
120026,25.0,0,20.1,0,36,0,42,0
121023,25.0,0,20.1,0,44,0,46,0
122024,25.0,0,20.1,0,52,0,51,0
123023,25.0,0,20.1,0,60,0,56,0
124026,25.0,0,20.2,0,68,0,61,0
125024,25.0,0,20.2,0,76,0,66,0
126027,25.0,0,20.3,0,84,0,70,0
127025,25.0,0,20.4,0,92,0,75,0
128027,25.0,0,20.5,0,100,0,80,0
129023,25.0,0,20.6,0,100,0,80,0
130023,25.0,0,20.7,0,100,0,80,0
131024,25.0,0,20.8,0,100,0,80,0
132024,25.0,0,21.0,0,100,0,80,0
133024,25.0,0,21.0,0,100,0,80,0
134024,25.0,0,21.2,0,100,0,80,0
135024,25.0,0,21.3,0,100,0,80,0
136025,25.0,0,21.4,0,100,0,80,0
137026,25.0,0,21.5,0,100,0,80,0
138023,25.0,0,21.7,0,100,0,80,0
139025,25.0,0,21.8,0,100,0,80,0
140027,25.0,0,21.9,0,100,0,80,0
141027,25.0,0,21.9,0,100,0,80,0
142027,25.0,0,22.0,0,100,0,80,0
143024,25.0,0,22.2,0,100,0,80,0
144023,25.0,0,22.3,0,100,0,80,0
145024,25.0,0,22.4,0,100,0,80,0
146024,25.0,0,22.5,0,100,0,80,0
147026,25.0,0,22.6,0,100,0,80,0
148023,25.0,0,22.7,0,100,0,80,0
149025,25.0,0,22.8,0,100,0,80,0
150027,25.0,0,22.9,0,100,0,80,0
151023,25.0,0,23.0,0,100,0,80,0
152023,25.0,0,23.1,0,100,0,80,0
153025,25.0,0,23.2,0,100,0,80,0
154023,25.0,0,23.3,0,100,0,80,0
155027,25.0,0,23.4,0,100,0,80,0
156023,25.0,0,23.5,0,100,0,80,0
157027,25.0,0,23.7,0,100,0,80,0
158027,25.0,0,23.7,0,99,0,79,0
159025,25.0,0,23.8,0,96,0,78,0
160027,25.0,0,23.9,0,93,0,76,0
161027,25.0,0,24.0,0,91,0,74,0
162027,25.0,0,24.1,0,88,0,73,0
163025,25.0,0,24.2,0,86,0,72,0
164024,25.0,0,24.2,0,84,0,70,0
165024,25.0,0,24.2,0,82,0,69,0
166026,25.0,0,24.3,0,80,0,68,0
167023,25.0,0,24.4,0,79,0,67,0
168026,25.0,0,24.4,0,77,0,66,0
169025,25.0,0,24.5,0,76,0,65,0
170024,25.0,0,24.6,0,74,0,65,0
171025,25.0,0,24.5,0,73,0,64,0
172024,25.0,0,24.7,0,72,0,63,0
173024,25.0,0,24.7,0,71,0,62,0
174023,25.0,0,24.7,0,70,0,62,0
175026,25.0,0,24.7,0,69,0,61,0
176024,25.0,0,24.7,0,68,0,61,0
177026,25.0,0,24.8,0,67,0,60,0
178026,25.0,0,24.8,0,66,0,59,0
179024,25.0,0,24.8,0,65,0,59,0
180023,25.0,0,24.9,0,64,0,59,0
181023,25.0,0,24.9,0,63,0,58,0
182026,25.0,0,24.9,0,63,0,58,0
183023,25.0,0,24.9,0,62,0,57,0
184027,25.0,0,25.0,0,62,0,57,0
185027,25.0,0,25.0,0,61,0,57,0
186023,25.0,0,25.0,0,60,0,56,0
187024,25.0,0,25.1,0,60,0,56,0
188023,25.0,0,25.0,0,59,0,56,0
189025,25.0,0,25.0,0,59,0,55,0
190024,25.0,0,25.0,0,58,0,55,0
191024,25.0,0,25.1,0,58,0,55,0
192025,25.0,0,25.1,0,58,0,55,0
193027,25.0,0,25.1,0,57,0,54,0
194027,25.0,0,25.1,0,57,0,54,0
195025,25.0,0,25.1,0,56,0,54,0
196023,25.0,0,25.2,0,56,0,54,0
197024,25.0,0,25.1,0,56,0,53,0
198023,25.0,0,25.1,0,55,0,53,0
199023,25.0,0,25.2,0,55,0,53,0
200025,25.0,0,25.1,0,55,0,53,0
201024,25.0,0,25.1,0,54,0,53,0
202023,25.0,0,25.2,0,54,0,52,0
203025,25.0,0,25.2,0,54,0,52,0
204026,25.0,0,25.2,0,54,0,52,0
205025,25.0,0,25.2,0,53,0,52,0
206023,25.0,0,25.2,0,53,0,52,0
207024,25.0,0,25.2,0,53,0,52,0
208024,25.0,0,25.2,0,53,0,52,0
209024,25.0,0,25.2,0,52,0,51,0
210025,25.0,0,25.2,0,52,0,51,0
211027,25.0,0,25.2,0,52,0,51,0
212025,25.0,0,25.2,0,52,0,51,0
213024,25.0,0,25.2,0,52,0,51,0
214023,25.0,0,25.3,0,51,0,51,0
215023,25.0,0,25.2,0,51,0,51,0
216027,25.0,0,25.2,0,51,0,51,0
217024,25.0,0,25.2,0,51,0,51,0
218024,25.0,0,25.3,0,51,0,51,0
219023,25.0,0,25.2,0,51,0,50,0
220026,25.0,0,25.2,0,51,0,50,0
221027,25.0,0,25.3,0,50,0,50,0
222026,25.0,0,25.3,0,50,0,50,0
223025,25.0,0,25.2,0,50,0,50,0
224024,25.0,0,25.2,0,50,0,50,0
225024,25.0,0,25.2,0,50,0,50,0
226025,25.0,0,25.3,0,50,0,50,0
227024,25.0,0,25.2,0,50,0,50,0
228025,25.0,0,25.2,0,50,0,50,0
229023,25.0,0,25.2,0,50,0,50,0
230026,25.0,0,25.3,0,50,0,50,0
231025,25.0,0,25.2,0,49,0,50,0
232025,25.0,0,25.2,0,49,0,50,0
233024,25.0,0,25.2,0,49,0,50,0
234026,25.0,0,25.2,0,49,0,50,0
235025,25.0,0,25.3,0,49,0,50,0
236027,25.0,0,25.2,0,49,0,49,0
237023,25.0,0,25.3,0,49,0,49,0
238025,25.0,0,25.2,0,49,0,49,0
239024,25.0,0,25.2,0,49,0,49,0
240026,25.0,0,25.2,0,49,0,49,0
241025,25.0,0,25.2,0,49,0,49,0
242024,25.0,0,25.2,0,49,0,49,0
243023,25.0,0,25.2,0,49,0,49,0
244023,25.0,0,25.2,0,49,0,49,0
245027,25.0,0,25.2,0,49,0,49,0
246023,25.0,0,25.2,0,49,0,49,0
247024,25.0,0,25.2,0,49,0,49,0
248027,25.0,0,25.2,0,49,0,49,0
249024,25.0,0,25.2,0,49,0,49,0
250027,25.0,0,25.2,0,49,0,49,0
251025,25.0,0,25.2,0,49,0,49,0
252026,25.0,0,25.1,0,49,0,49,0
253027,25.0,0,25.2,0,49,0,49,0
254023,25.0,0,25.2,0,48,0,49,0
255027,25.0,0,25.2,0,48,0,49,0
256027,25.0,0,25.1,0,48,0,49,0
257027,25.0,0,25.2,0,48,0,49,0
258027,25.0,0,25.2,0,48,0,49,0
259023,25.0,0,25.2,0,48,0,49,0
260027,25.0,0,25.2,0,48,0,49,0
261024,25.0,0,25.1,0,48,0,49,0
262023,25.0,0,25.1,0,48,0,49,0
263025,25.0,0,25.2,0,48,0,49,0
264026,25.0,0,25.2,0,48,0,49,0
265027,25.0,0,25.1,0,48,0,49,0
266023,25.0,0,25.2,0,48,0,49,0
267024,25.0,0,25.1,0,48,0,49,0
268023,25.0,0,25.1,0,48,0,49,0
269023,25.0,0,25.2,0,48,0,49,0
270027,25.0,0,25.2,0,48,0,49,0
271023,25.0,0,25.2,0,48,0,49,0
272023,25.0,0,25.2,0,48,0,49,0
273026,25.0,0,25.1,0,48,0,49,0
274023,25.0,0,25.2,0,48,0,49,0
275024,25.0,0,25.2,0,48,0,49,0
276024,25.0,0,25.1,0,48,0,49,0
277026,25.0,0,25.1,0,48,0,49,0
278026,25.0,0,25.1,0,48,0,49,0
279025,25.0,0,25.1,0,48,0,49,0
280027,25.0,0,25.1,0,48,0,49,0
281024,25.0,0,25.1,0,48,0,49,0
282024,25.0,0,25.1,0,48,0,49,0
283025,25.0,0,25.1,0,48,0,49,0
284024,25.0,0,25.1,0,48,0,49,0
285023,25.0,0,25.1,0,48,0,49,0
286023,25.0,0,25.1,0,48,0,49,0
287026,25.0,0,25.1,0,48,0,49,0
288027,25.0,0,25.1,0,48,0,49,0
289026,25.0,0,25.1,0,48,0,49,0
290023,25.0,0,25.1,0,48,0,49,0
291027,25.0,0,25.1,0,49,0,49,0
292023,25.0,0,25.1,0,49,0,49,0
293023,25.0,0,25.1,0,49,0,49,0
294023,25.0,0,25.1,0,49,0,49,0
295026,25.0,0,25.1,0,49,0,49,0
296026,25.0,0,25.1,0,49,0,49,0
297024,25.0,0,25.0,0,49,0,49,0
298023,25.0,0,25.0,0,49,0,49,0
299027,25.0,0,25.1,0,49,0,49,0
